relative_path,size_bytes,sha256,git_tracked,git_blob_sha,modified_utc
data/csv/dataset_12CST_params.csv,2153656,e57e52a07f625ff9a2d3a5e6bcddc184db1b7e5985f7a45a03efac8f9c77ca27,True,573e8cdd25ac7a0ee22d50ed1c4f79821a9c51e6,2026-08-24T14:32:20.048068+00:00
scripts/train_best_model.py,43523,df403acf70eff41a52e7165cdb1eae0b93686b6ded1fc7fde5315dedc0a88fff,True,21c805a03282f0c0da0ccb082a68e0302cb8a2ef,2026-08-24T14:32:20.237442+00:00
src/models.py,14177,ebe1946ed135393e50c4b565c8886831c9eec5ed5eda88983935e2d9ad83cc64,True,395fd7c74590e61430a09ed8dfc1f9b356983b39,2026-08-24T14:32:20.237442+00:00
src/utils.py,17571,87075bf1968d369ac37d691c60e5f625fcc3225d0c8def5be97f55df41b393fa,True,76293ca6b798fb287a0b2fc257ed1e664f83f6a8,2026-08-24T14:32:20.237442+00:00
trained_model/best_model.pt,639413,30b40a888785a44d5f25105bce709f0ddc625b555ff0c97ca97b960571d93666,True,0ffe0c937c524dcc9750d89aa0250a4f87847c75,2026-08-24T14:32:20.247513+00:00
trained_model/evaluation_results.json,620,4d5d84b9632045a4d63e7095f78b5b1744f42cd2a0b5c8ae28028fcc89bd3f46,True,639bdfa522a3f2a23d933e4f25128ed681b06600,2026-08-24T14:32:20.247513+00:00
trained_model/model_config.json,598,2b436bd7fa363de1139d4ce6cbb82032b0a3175dfa0c6e6e2b612a650d4c66ed,True,3488dc42f8fcbaf626fcfda0c9476a241a3f59ba,2026-08-24T14:32:20.251742+00:00
trained_model/scalers.pkl,1298,0e654b64ec2be78b0c88c5e2a65eb87604c6686024c34ca535459fb2509eb311,True,d9f5e090b656ab7f3d10c6213e8ed0d8fffe10bc,2026-08-24T14:32:20.253480+00:00
trained_model/visualisations/distance_quality_analysis.png,241551,357b91dc84293753ca6522d7513d093c52db2e191582d12861d0911d31298224,True,42bde104a0824cde71d7fbc695f3973e4545a149,2026-08-24T14:32:20.258569+00:00
trained_model/visualisations/error_distributions.png,256049,30475778000a0216d0691bcc62c1284b5e5c6fb083e8a1c5228a0b0e7e3cd9e6,True,141ad4632e13a27636c5f6365e5a9e995d027ba8,2026-08-24T14:32:20.264275+00:00
trained_model/visualisations/lift_curves_sample.png,796597,e35edb64fdce64b24bb9ea55bdd9c072cfba4321cccf4c018758c82479a1c2f7,True,49f29d6b5921b4c537e7c1089383c99eba35163d,2026-08-24T14:32:20.276859+00:00
trained_model/visualisations/physics_metrics_comparison.png,585920,d4011baaf1cc5b4cc0e363ca69177cd691d0320a04f99724d2acf7ff1e849ea4,True,b9d65db2479061c7f5d2fb3aa2ea37fc043bc11c,2026-08-24T14:32:20.279552+00:00
trained_model/visualisations/prediction_scatter.png,760311,010d840b50b0fa25bfe0420965bed5f37c3d869ccfed3ae1863da30ffba2a1d6,True,f45b0dceeb289fc683c8ab8e17bf6588b7d2366c,2026-08-24T14:32:20.287063+00:00
trained_model/visualisations/training_curves.png,165545,b6aef2305218862bdba8bbc5804f40d798095c1635ad2bea8f8e7475622e23db,True,e4dce6247977595ebf8cd47d28d8d497c97a8a6d,2026-08-24T14:32:20.293131+00:00
