parameter,parameter_label,baseline_value,cl_max_sensitivity,alpha_stall_sensitivity,alpha_zero_lift_sensitivity,lift_curve_slope_sensitivity,cl_max_norm_sensitivity,alpha_stall_norm_sensitivity,alpha_zero_lift_norm_sensitivity,lift_curve_slope_norm_sensitivity,airfoil
lower_weight_0,"A_L,0",-0.3411039239774731,0.011583566665649414,0.0,0.03170154441222195,0.0016844117020567047,0.005881215071017624,0.0,0.0017878080663731855,0.07999082742969182,naca0024
lower_weight_1,"A_L,1",-0.3060092490630429,0.00263822078704834,0.0,0.03886622721285349,0.0009431307390332412,0.0013394789619912632,0.0,0.0021918602329621417,0.044788223744545094,naca0024
lower_weight_2,"A_L,2",-0.3051288012038926,0.008273839950561523,0.0,0.030625722684614942,0.007259044083766654,0.004200798736431504,0.0,0.001727137118056427,0.3447238830626198,naca0024
lower_weight_3,"A_L,3",-0.2642332586993092,0.008062005043029785,0.0,0.18610236771030486,0.02656052533537151,0.004093245796417113,0.0,0.010495239911256797,1.2613296357116717,naca0024
lower_weight_4,"A_L,4",-0.2890221869702675,0.03191649913787842,0.0,0.21311508869695217,0.0009925547614693386,0.016204663137170974,0.0,0.01201862185904599,0.047135315280860006,naca0024
upper_weight_0,"A_U,0",0.3411039239774731,0.02101922035217285,0.0,0.03698403738176381,0.008258948264022684,0.01067189053979592,0.0,0.002085714168949866,0.3922082140200849,naca0024
upper_weight_1,"A_U,1",0.3060092490630421,0.018689393997192383,0.0,0.036488982802666214,0.002153739146888243,0.009488989774662972,0.0,0.0020577955742499673,0.10227866276216921,naca0024
upper_weight_2,"A_U,2",0.3051288012038931,0.05048990249633789,0.0,0.0428969697044046,0.0109131730472048,0.025634762078612785,0.0,0.002419173888289609,0.5182543797715411,naca0024
upper_weight_3,"A_U,3",0.2642332586993085,0.049769043922424316,0.0,0.015661915506452573,0.0006996361290415587,0.025268767352519924,0.0,0.0008832534627712367,0.03322493710617603,naca0024
upper_weight_4,"A_U,4",0.2890221869702677,0.023831605911254883,0.0,0.08571890377577418,0.022760615013539775,0.012099796539131596,0.0,0.004834116143310471,1.0808761453738833,naca0024
TE_thickness,ζ_TE,0.0049011442700001,0.005039215087890625,0.0,0.004078387930427141,7.61407986283602e-05,0.002558513157168437,0.0,0.00023000061905519115,0.0036158413504271906,naca0024
leading_edge_weight,Δz_LE,-9.43689570931383e-16,0.0004869699478149414,0.0,0.0005690961435966813,0.00030503885199625533,0.00024724465951535447,0.0,3.2094167490204866e-05,0.014485953843463828,naca0024
lower_weight_0,"A_L,0",-0.1025200007791199,0.0044651031494140625,0.0,0.007758128214312876,0.0008424886191885084,0.0024166481871622275,0.0,0.00043324392326079305,0.04190664303036653,naca0012
lower_weight_1,"A_L,1",-0.1818407378585039,0.027952194213867188,0.0,0.0034868613659710945,0.0013659137859940648,0.015128568638557216,0.0,0.00019471984173615538,0.06794259309407001,naca0012
lower_weight_2,"A_L,2",-0.1304538976455123,0.0123063325881958,0.0,0.006243271665010042,0.003644704744219761,0.006660557515626822,0.0,0.00034864846718332546,0.18129306104362414,naca0012
lower_weight_3,"A_L,3",-0.2022253490699079,0.000760197639465332,0.0,0.09246695307503572,0.0059345204507311265,0.00041144183814431667,0.0,0.005163712743016098,0.29519191644955983,naca0012
lower_weight_4,"A_L,4",-0.1786326591217236,0.02383899688720703,0.0,0.17262026833949662,0.0006774488960703609,0.012902382472126057,0.0,0.0096397842654574,0.033697320548118005,naca0012
upper_weight_0,"A_U,0",0.1025200007791196,0.0045021772384643555,0.0,0.014120460888332076,0.0070479482412338056,0.0024367137997798978,0.0,0.0007885412182574244,0.3505754787837653,naca0012
upper_weight_1,"A_U,1",0.1818407378585045,0.006767749786376953,0.0,0.020057288238035653,0.0032396733512480985,0.0036629098377182288,0.0,0.001120076648151755,0.16114619423169665,naca0012
upper_weight_2,"A_U,2",0.1304538976455123,0.035439133644104004,0.0,0.0001039439395320585,0.004486079216003436,0.01918072555319636,0.0,5.8046321120306676e-06,0.22314428471696418,naca0012
upper_weight_3,"A_U,3",0.2022253490699072,0.07322001457214355,0.0,0.006002378186067858,0.010636036321520829,0.039628875203696616,0.0,0.00033519604244609184,0.5290523423489182,naca0012
upper_weight_4,"A_U,4",0.1786326591217234,0.03170514106750488,0.0,0.06439808981190254,0.005514470537503599,0.017159776408426964,0.0,0.003596238720202773,0.27429800599470094,naca0012
TE_thickness,ζ_TE,0.0026300160827576,0.0020357370376586914,0.0,0.0003521942225575003,0.001424399813016241,0.0011018021436397202,0.0,1.966788927889749e-05,0.0708517754864013,naca0012
leading_edge_weight,Δz_LE,-2.914335439641036e-16,0.0024508237838745117,0.0,0.0008994540013489427,0.00033229898661377155,0.0013264595813719626,0.0,5.0228994619876634e-05,0.016529048220009255,naca0012
lower_weight_0,"A_L,0",-0.1273198946393057,0.0031725168228149414,0.0,0.015625419087356818,0.007373494308974063,0.0018070286509067532,0.0,0.000813669326585455,0.17378843561435292,naca4412
lower_weight_1,"A_L,1",-0.004763652368005,0.0007448196411132812,0.0,0.002141001343737514,0.0005984267219901057,0.0004242405971091344,0.0,0.00011148930546042359,0.014104526224141904,naca4412
lower_weight_2,"A_L,2",-0.0696479404873472,0.0028291940689086914,0.0,0.011628402540662108,0.0075038940778800745,0.001611476006912786,0.0,0.0006055309244269146,0.17686187283326657,naca4412
lower_weight_3,"A_L,3",0.0014195587476027,0.00024962425231933594,0.0,0.0008277779462382284,1.9454849617822623e-05,0.00014218306823728032,0.0,4.3105245389734074e-05,0.0004585380741501266,naca4412
lower_weight_4,"A_L,4",-0.0126019240584502,0.0024439096450805664,0.0,0.010652500173584656,0.0019583352176206284,0.001392022484208445,0.0,0.000554712330865122,0.04615667953585716,naca4412
upper_weight_0,"A_U,0",0.2212352050170159,0.013108372688293457,0.0,0.014074481992313537,0.010229176336101133,0.0074663764882710515,0.0,0.0007329066964988568,0.24109499222244907,naca4412
upper_weight_1,"A_U,1",0.2961379676603262,0.009956002235412598,0.0,0.0461117358182328,0.00915393571236301,0.005670822975154222,0.0,0.0024011967180622156,0.2157522743632894,naca4412
upper_weight_2,"A_U,2",0.2385986641327013,0.041486382484436035,0.0,0.05571059717280491,0.007734789628219517,0.02363016051884462,0.0,0.002901042450883646,0.18230392985567037,naca4412
upper_weight_3,"A_U,3",0.262709271489548,0.09820091724395752,0.0,0.26630928279956834,0.011299083009362557,0.05593409930217582,0.0,0.013867640514954978,0.2663119923594344,naca4412
upper_weight_4,"A_U,4",0.2818384878953439,0.09972846508026123,5.106382978723403,0.3001738522020787,0.059477905024375305,0.05680417276750176,0.2926829268292682,0.01563108514493886,1.401855298813333,naca4412
TE_thickness,ζ_TE,0.0024997816943202,0.004464864730834961,0.0,0.0014504124494791881,0.003099222827170567,0.0025431349750520997,0.0,7.552796596628919e-05,0.07304665389091568,naca4412
leading_edge_weight,Δz_LE,-0.0638958046819963,0.0006303787231445312,0.0,0.003354142765392254,5.317692245744576e-06,0.00035905638244447866,0.0,0.0001746617527459773,0.00012533452631024143,naca4412
