parameter,parameter_label,baseline_value,cl_max_sensitivity,alpha_stall_sensitivity,alpha_zero_lift_sensitivity,lift_curve_slope_sensitivity,cl_max_norm_sensitivity,alpha_stall_norm_sensitivity,alpha_zero_lift_norm_sensitivity,lift_curve_slope_norm_sensitivity
lower_weight_0,"A_L,0",-0.3411039239774731,0.011583566665649414,0.0,0.03170154441222195,0.0016844117020567047,0.005881215071017624,0.0,0.0017878080663731855,0.07999082742969182
lower_weight_1,"A_L,1",-0.3060092490630429,0.00263822078704834,0.0,0.03886622721285349,0.0009431307390332412,0.0013394789619912632,0.0,0.0021918602329621417,0.044788223744545094
lower_weight_2,"A_L,2",-0.3051288012038926,0.008273839950561523,0.0,0.030625722684614942,0.007259044083766654,0.004200798736431504,0.0,0.001727137118056427,0.3447238830626198
lower_weight_3,"A_L,3",-0.2642332586993092,0.008062005043029785,0.0,0.18610236771030486,0.02656052533537151,0.004093245796417113,0.0,0.010495239911256797,1.2613296357116717
lower_weight_4,"A_L,4",-0.2890221869702675,0.03191649913787842,0.0,0.21311508869695217,0.0009925547614693386,0.016204663137170974,0.0,0.01201862185904599,0.047135315280860006
upper_weight_0,"A_U,0",0.3411039239774731,0.02101922035217285,0.0,0.03698403738176381,0.008258948264022684,0.01067189053979592,0.0,0.002085714168949866,0.3922082140200849
upper_weight_1,"A_U,1",0.3060092490630421,0.018689393997192383,0.0,0.036488982802666214,0.002153739146888243,0.009488989774662972,0.0,0.0020577955742499673,0.10227866276216921
upper_weight_2,"A_U,2",0.3051288012038931,0.05048990249633789,0.0,0.0428969697044046,0.0109131730472048,0.025634762078612785,0.0,0.002419173888289609,0.5182543797715411
upper_weight_3,"A_U,3",0.2642332586993085,0.049769043922424316,0.0,0.015661915506452573,0.0006996361290415587,0.025268767352519924,0.0,0.0008832534627712367,0.03322493710617603
upper_weight_4,"A_U,4",0.2890221869702677,0.023831605911254883,0.0,0.08571890377577418,0.022760615013539775,0.012099796539131596,0.0,0.004834116143310471,1.0808761453738833
TE_thickness,ζ_TE,0.0049011442700001,0.005039215087890625,0.0,0.004078387930427141,7.61407986283602e-05,0.002558513157168437,0.0,0.00023000061905519115,0.0036158413504271906
leading_edge_weight,Δz_LE,-9.43689570931383e-16,0.0004869699478149414,0.0,0.0005690961435966813,0.00030503885199625533,0.00024724465951535447,0.0,3.2094167490204866e-05,0.014485953843463828
