Model,Loss,Physics Score,Physics Std,MSE,MSE Std,ΔCL_max,Δα_stall (°),Is Best
CNN,mse,1.702084,0.296846,0.030519,0.009788,0.150293,2.036629,✓
CNN,log_cosh,1.808518,0.385392,0.035599,0.012320,0.150294,2.240679,
CNN,huber,1.867123,0.331329,0.038790,0.012884,0.161292,2.205466,
CNN,smooth_l1,1.874068,0.348249,0.080894,0.097401,0.235716,2.202350,
GRU,huber,2.147171,0.349643,0.059742,0.004019,0.170207,2.446271,✓
GRU,log_cosh,2.209661,0.337851,0.043525,0.009372,0.140127,2.906488,
GRU,mse,2.394587,0.331380,0.061278,0.009592,0.171664,3.060116,
GRU,smooth_l1,2.407800,0.289368,0.069846,0.008320,0.181029,2.786351,
LSTM,mse,2.255144,0.294205,0.079334,0.008536,0.197118,2.378218,✓
LSTM,log_cosh,2.262400,0.220310,0.072126,0.006546,0.179708,2.491768,
LSTM,huber,2.507436,0.393904,0.056292,0.009367,0.161804,3.094472,
LSTM,smooth_l1,2.542241,0.563978,0.111276,0.027177,0.268026,2.610972,
MLP,log_cosh,1.537353,0.394111,0.027444,0.013454,0.116628,1.910389,✓
MLP,huber,1.539776,0.351717,0.028529,0.011520,0.132527,1.853145,
MLP,smooth_l1,1.601638,0.358149,0.031137,0.016366,0.138584,1.923247,
MLP,mse,1.609627,0.304341,0.033070,0.016395,0.135923,1.961418,
