Model,Loss,Physics Score,Physics Std,MSE,ΔCL_max,Δα_stall (°),Δα_L=0 (°),Δslope,Complexity
CNN,huber,1.867123,0.331329,0.038790,0.161292,2.205466,1.286113,0.021726,
CNN,log,1.808518,0.385392,0.035599,0.150294,2.240679,1.082938,0.021300,
CNN,mse,1.702084,0.296846,0.030519,0.150293,2.036629,1.081596,0.020900,
CNN,smooth,1.874068,0.348249,0.080894,0.235716,2.202350,1.080257,0.021310,
GRU,huber,2.147171,0.349643,0.059742,0.170207,2.446271,1.689943,0.024684,2.500000
GRU,log,2.209661,0.337851,0.043525,0.140127,2.906488,1.198976,0.025660,2.500000
GRU,mse,2.394587,0.331380,0.061278,0.171664,3.060116,1.523075,0.023594,2.500000
GRU,smooth,2.407800,0.289368,0.069846,0.181029,2.786351,1.872080,0.027197,2.500000
LSTM,huber,2.507436,0.393904,0.056292,0.161804,3.094472,1.504223,0.034713,3.000000
LSTM,log,2.262400,0.220310,0.072126,0.179708,2.491768,1.904583,0.026543,3.000000
LSTM,mse,2.255144,0.294205,0.079334,0.197118,2.378218,1.969550,0.027805,3.000000
LSTM,smooth,2.542241,0.563978,0.111276,0.268026,2.610972,2.271753,0.028720,3.000000
MLP,huber,1.539776,0.351717,0.028529,0.132527,1.853145,0.933525,0.019462,1.000000
MLP,log,1.537353,0.394111,0.027444,0.116628,1.910389,0.895238,0.019696,1.000000
MLP,mse,1.609627,0.304341,0.033070,0.135923,1.961418,0.948006,0.020859,1.000000
MLP,smooth,1.601638,0.358149,0.031137,0.138584,1.923247,1.016715,0.019642,1.000000
